Workbook

Sheet By Search Term
A1: RegionID | B1: Region | C1: Hamburger: | D1: Milkshake: | E1: Breakup: | G1: # of regions | H1: =COUNTA(B2:B52) -> 51 | J1: Date Range
A2: 1 | B2: Alabama | C2: 0.65 | D2: 0.23 | E2: 0.12
A3: 2 | B3: Alaska | C3: 0.72 | D3: 0.15 | E3: 0.13
A4: 3 | B4: Arizona | C4: 0.67 | D4: 0.2 | E4: 0.13
A5: 4 | B5: Arkansas | C5: 0.67 | D5: 0.21 | E5: 0.12
A6: 5 | B6: California | C6: 0.65 | D6: 0.2 | E6: 0.15
A7: 6 | B7: Colorado | C7: 0.68 | D7: 0.18 | E7: 0.14
A8: 7 | B8: Connecticut | C8: 0.64 | D8: 0.22 | E8: 0.14
A9: 8 | B9: Delaware | C9: 0.61 | D9: 0.25 | E9: 0.14
A10: 9 | B10: District of Columbia | C10: 0.66 | D10: 0.17 | E10: 0.17
A11: 10 | B11: Florida | C11: 0.63 | D11: 0.23 | E11: 0.14
A12: 11 | B12: Georgia | C12: 0.63 | D12: 0.23 | E12: 0.14
A13: 12 | B13: Hawaii | C13: 0.73 | D13: 0.14 | E13: 0.13
... A52: 51 | B52: Wyoming | C52: 0.71 | D52: 0.16 | E52: 0.13

Sheet By State
A1: Alabama | B1: Alaska | C1: Arizona | D1: Arkansas | E1: California | F1: Colorado | G1: Connecticut | H1: Delaware | I1: District of Columbia | J1: Florida | K1: Georgia | L1: Hawaii | M1: Idaho | N1: Illinois | O1: Indiana | P1: Iowa | Q1: Kansas | R1: Kentucky | S1: Louisiana | T1: Maine | U1: Maryland | V1: Massachusetts | W1: Michigan | X1: Minnesota | Y1: Mississippi | Z1: Missouri | AA1: Montana | AB1: Nebraska | AC1: Nevada | AD1: New Hampshire | AE1: New Jersey | AF1: New Mexico | AG1: New York | AH1: North Carolina | AI1: North Dakota | AJ1: Ohio | AK1: Oklahoma | AL1: Oregon | AM1: Pennsylvania | AN1: Rhode Island | AO1: South Carolina | AP1: South Dakota | AQ1: Tennessee | AR1: Texas | AS1: Utah | AT1: Vermont | AU1: Virginia | AV1: Washington | AW1: West Virginia | AX1: Wisconsin | AY1: Wyoming
A2: 0.65 | B2: 0.72 | C2: 0.67 | D2: 0.67 | E2: 0.65 | F2: 0.68 | G2: 0.64 | H2: 0.61 | I2: 0.66 | J2: 0.63 | K2: 0.63 | L2: 0.73 | M2: 0.67 | N2: 0.63 | O2: 0.66 | P2: 0.67 | Q2: 0.67 | R2: 0.63 | S2: 0.66 | T2: 0.7 | U2: 0.62 | V2: 0.62 | W2: 0.67 | X2: 0.68 | Y2: 0.69 | Z2: 0.66 | AA2: 0.75 | AB2: 0.69 | AC2: 0.67 | AD2: 0.65 | AE2: 0.61 | AF2: 0.67 | AG2: 0.63 | AH2: 0.64 | AI2: 0.7 | AJ2: 0.63 | AK2: 0.69 | AL2: 0.69 | AM2: 0.62 | AN2: 0.63 | AO2: 0.65 | AP2: 0.75 | AQ2: 0.65 | AR2: 0.69 | AS2: 0.66 | AT2: 0.68 | AU2: 0.63 | AV2: 0.68 | AW2: 0.63 | AX2: 0.66 | AY2: 0.71
A3: 0.23 | B3: 0.15 | C3: 0.2 | D3: 0.21 | E3: 0.2 | F3: 0.18 | G3: 0.22 | H3: 0.25 | I3: 0.17 | J3: 0.23 | K3: 0.23 | L3: 0.14 | M3: 0.2 | N3: 0.23 | O3: 0.21 | P3: 0.2 | Q3: 0.19 | R3: 0.23 | S3: 0.21 | T3: 0.17 | U3: 0.23 | V3: 0.21 | W3: 0.2 | X3: 0.19 | Y3: 0.2 | Z3: 0.2 | AA3: 0.14 | AB3: 0.18 | AC3: 0.2 | AD3: 0.21 | AE3: 0.23 | AF3: 0.19 | AG3: 0.21 | AH3: 0.23 | AI3: 0.18 | AJ3: 0.23 | AK3: 0.19 | AL3: 0.17 | AM3: 0.23 | AN3: 0.24 | AO3: 0.23 | AP3: 0.14 | AQ3: 0.22 | AR3: 0.19 | AS3: 0.21 | AT3: 0.17 | AU3: 0.24 | AV3: 0.18 | AW3: 0.24 | AX3: 0.2 | AY3: 0.16
A4: 0.12 | B4: 0.13 | C4: 0.13 | D4: 0.12 | E4: 0.15 | F4: 0.14 | G4: 0.14 | H4: 0.14 | I4: 0.17 | J4: 0.14 | K4: 0.14 | L4: 0.13 | M4: 0.13 | N4: 0.14 | O4: 0.13 | P4: 0.13 | Q4: 0.14 | R4: 0.14 | S4: 0.13 | T4: 0.13 | U4: 0.15 | V4: 0.17 | W4: 0.13 | X4: 0.13 | Y4: 0.11 | Z4: 0.14 | AA4: 0.11 | AB4: 0.13 | AC4: 0.13 | AD4: 0.14 | AE4: 0.16 | AF4: 0.14 | AG4: 0.16 | AH4: 0.13 | AI4: 0.12 | AJ4: 0.14 | AK4: 0.12 | AL4: 0.14 | AM4: 0.15 | AN4: 0.13 | AO4: 0.12 | AP4: 0.11 | AQ4: 0.13 | AR4: 0.12 | AS4: 0.13 | AT4: 0.15 | AU4: 0.13 | AV4: 0.14 | AW4: 0.13 | AX4: 0.14 | AY4: 0.13

Sheet Sales Region Lookup
A1: State | B1: Sales Region | C1: Hamburger | D1: Milkshake
A2: Washington | B2: Northwest | C2: =VLOOKUP('Sales Region Lookup'!A2, 'By Search Term'!B:C, 2, FALSE) -> 0.68 | D2: =_xlfn.XLOOKUP(A2, 'By Search Term'!B1:B52, 'By Search Term'!D1:D52, "not found") -> 0.18
A3: Oregon | B3: Northwest | C3: =VLOOKUP('Sales Region Lookup'!A3, 'By Search Term'!B:C, 2, FALSE) -> 0.69 | D3: =_xlfn.XLOOKUP(A3, 'By Search Term'!B2:B53, 'By Search Term'!D2:D53, "not found") -> 0.17
A4: Idaho | B4: Northwest | C4: =VLOOKUP('Sales Region Lookup'!A4, 'By Search Term'!B:C, 2, FALSE) -> 0.67 | D4: =_xlfn.XLOOKUP(A4, 'By Search Term'!B3:B54, 'By Search Term'!D3:D54, "not found") -> 0.2
A5: Montana | B5: Northwest | C5: =VLOOKUP('Sales Region Lookup'!A5, 'By Search Term'!B:C, 2, FALSE) -> 0.75 | D5: =_xlfn.XLOOKUP(A5, 'By Search Term'!B4:B55, 'By Search Term'!D4:D55, "not found") -> 0.14
A6: North Dakota | B6: North Central | C6: =VLOOKUP('Sales Region Lookup'!A6, 'By Search Term'!B:C, 2, FALSE) -> 0.7 | D6: =_xlfn.XLOOKUP(A6, 'By Search Term'!B5:B56, 'By Search Term'!D5:D56, "not found") -> 0.18
A7: South Dakota | B7: North Central | C7: =VLOOKUP('Sales Region Lookup'!A7, 'By Search Term'!B:C, 2, FALSE) -> 0.75 | D7: =_xlfn.XLOOKUP(A7, 'By Search Term'!B6:B57, 'By Search Term'!D6:D57, "not found") -> 0.14
A8: Nebraska | B8: North Central | C8: =VLOOKUP('Sales Region Lookup'!A8, 'By Search Term'!B:C, 2, FALSE) -> 0.69 | D8: =_xlfn.XLOOKUP(A8, 'By Search Term'!B7:B58, 'By Search Term'!D7:D58, "not found") -> 0.18
A9: Minnesota | B9: North Central | C9: =VLOOKUP('Sales Region Lookup'!A9, 'By Search Term'!B:C, 2, FALSE) -> 0.68 | D9: =_xlfn.XLOOKUP(A9, 'By Search Term'!B8:B59, 'By Search Term'!D8:D59, "not found") -> 0.19
A10: Wisconsin | B10: North Central | C10: =VLOOKUP('Sales Region Lookup'!A10, 'By Search Term'!B:C, 2, FALSE) -> 0.66 | D10: =_xlfn.XLOOKUP(A10, 'By Search Term'!B9:B60, 'By Search Term'!D9:D60, "not found") -> 0.2
A11: Michigan | B11: North Central | C11: =VLOOKUP('Sales Region Lookup'!A11, 'By Search Term'!B:C, 2, FALSE) -> 0.67 | D11: =_xlfn.XLOOKUP(A11, 'By Search Term'!B10:B61, 'By Search Term'!D10:D61, "not found") -> 0.2
A13: Sales Region | B13: (All)
A15: Row Labels | B15: Sum of Hamburger | C15: Sum of Milkshake
A16: Idaho | B16: 0.67 | C16: 0.2
A17: Michigan | B17: 0.67 | C17: 0.2
A18: Minnesota | B18: 0.68 | C18: 0.19
A19: Montana | B19: 0.75 | C19: 0.14
A20: Nebraska | B20: 0.69 | C20: 0.18
A21: North Dakota | B21: 0.7 | C21: 0.18
A22: Oregon | B22: 0.69 | C22: 0.17
A23: South Dakota | B23: 0.75 | C23: 0.14
A24: Washington | B24: 0.68 | C24: 0.18
A25: Wisconsin | B25: 0.66 | C25: 0.2
A26: Grand Total | B26: 6.94 | C26: 1.78
